{
  "train_size": 137400,
  "val_size": 29449,
  "test_size": 29445,
  "positive_rate_train": 0.06307860262008734,
  "positive_rate_test": 0.0630667345899134,
  "transformed_dim": 490,
  "logreg": {
    "val": {
      "roc_auc": 0.8201532244082549,
      "pr_auc": 0.16381785822155054,
      "f1": 0.2816147849813221,
      "accuracy": 0.6810500703576987,
      "threshold": 1.0
    },
    "test": {
      "roc_auc": 0.8227056512135236,
      "pr_auc": 0.16721628263019123,
      "f1": 0.28668314894158975,
      "accuracy": 0.6817550108943793,
      "threshold": 1.0
    },
    "threshold": 1.0
  },
  "lightgbm": {
    "val": {
      "roc_auc": 0.9332024861909111,
      "pr_auc": 0.5367403009911036,
      "f1": 0.5529495881555911,
      "accuracy": 0.9337313974717606,
      "threshold": 0.28517337741384274
    },
    "test": {
      "roc_auc": 0.9346077834327899,
      "pr_auc": 0.5380933422889003,
      "f1": 0.5413762299334998,
      "accuracy": 0.9306536366366538,
      "threshold": 0.28517337741384274
    },
    "threshold": 0.28517337741384274,
    "best_iteration": 6
  },
  "confusion_matrix_weighted": [
    [
      45426407.12999985,
      2274695.5000000005
    ],
    [
      1265903.1700000018,
      2089725.9199999992
    ]
  ],
  "total_runtime_sec": 48.03948211669922
}