segment,n_rows,share_of_sample,share_of_population_weighted,weighted_positive_rate,median_age,median_weeks_worked,mean_capital_gains,mean_dividends,pct_female,top_education,top_occupation,top_marital,top_class_of_worker,top_household_role
4,3803,0.019374000224153566,0.020066621524077108,0.30680526253652435,42.0,52.0,0.0,727.9061267420458,0.2758348672100973,High school graduate,Professional specialty,Married-civilian spouse present,Private,Householder
1,32213,0.16410588199333653,0.16112239301467482,0.24284736293658218,42.0,52.0,2247.7974109831434,336.9902213392109,0.038680036010306396,High school graduate,Precision production craft & repair,Married-civilian spouse present,Private,Householder
5,24203,0.12329974426115928,0.12139069536105165,0.05201474213191072,40.0,52.0,18.733999917365615,197.7194149485601,0.9991736561583274,High school graduate,Adm support including clerical,Married-civilian spouse present,Private,Spouse of householder
3,38850,0.19791740959988588,0.21152695408339867,0.047504235351841125,31.0,52.0,190.08620334620335,71.47943371943371,0.5228056628056628,High school graduate,Adm support including clerical,Never married,Private,Householder
0,39413,0.20078555635933854,0.19742300770426577,0.01667223028665106,66.0,0.0,163.18790754319642,457.3321492908431,0.6749803364372161,High school graduate,Not in universe,Married-civilian spouse present,Not in universe,Householder
6,28804,0.14673907506087808,0.14596182708251196,0.0002490802736263181,9.0,0.0,0.5028815442299681,3.8512012220524925,0.0,Children,Not in universe,Never married,Not in universe,Child under 18 never married
2,29008,0.14777833250124814,0.14250850123002012,0.00014837444128795916,9.0,0.0,1.5051365140650854,2.715319911748483,1.0,Children,Not in universe,Never married,Not in universe,Child under 18 never married
