{
  "best_k": 7,
  "pca_explained_variance": [
    0.2396,
    0.1062,
    0.0856,
    0.0785,
    0.0724,
    0.066,
    0.0436,
    0.0373,
    0.0243,
    0.0228
  ],
  "pca_cumulative_variance": 0.776098038508818,
  "k_search": {
    "ks": [
      3,
      4,
      5,
      6,
      7,
      8,
      9,
      10
    ],
    "inertia": [
      322248.2828063496,
      293497.82959935995,
      216030.10013203413,
      206168.7332670875,
      156772.5626849229,
      182122.49980674087,
      120194.08404376043,
      148997.97635393584
    ],
    "silhouette": [
      0.14974286346578944,
      0.2748288690824777,
      0.32711394763885004,
      0.29919020351619485,
      0.3640214760590025,
      0.3410803246727636,
      0.3534712471311252,
      0.30560336295395296
    ]
  },
  "segment_profiles": [
    {
      "segment": 4,
      "n_rows": 3803,
      "share_of_sample": 0.019374000224153566,
      "share_of_population_weighted": 0.020066621524077108,
      "weighted_positive_rate": 0.30680526253652435,
      "median_age": 42.0,
      "median_weeks_worked": 52.0,
      "mean_capital_gains": 0.0,
      "mean_dividends": 727.9061267420458,
      "pct_female": 0.2758348672100973,
      "top_education": "High school graduate",
      "top_occupation": "Professional specialty",
      "top_marital": "Married-civilian spouse present",
      "top_class_of_worker": "Private",
      "top_household_role": "Householder"
    },
    {
      "segment": 1,
      "n_rows": 32213,
      "share_of_sample": 0.16410588199333653,
      "share_of_population_weighted": 0.16112239301467482,
      "weighted_positive_rate": 0.24284736293658218,
      "median_age": 42.0,
      "median_weeks_worked": 52.0,
      "mean_capital_gains": 2247.7974109831434,
      "mean_dividends": 336.9902213392109,
      "pct_female": 0.038680036010306396,
      "top_education": "High school graduate",
      "top_occupation": "Precision production craft & repair",
      "top_marital": "Married-civilian spouse present",
      "top_class_of_worker": "Private",
      "top_household_role": "Householder"
    },
    {
      "segment": 5,
      "n_rows": 24203,
      "share_of_sample": 0.12329974426115928,
      "share_of_population_weighted": 0.12139069536105165,
      "weighted_positive_rate": 0.05201474213191072,
      "median_age": 40.0,
      "median_weeks_worked": 52.0,
      "mean_capital_gains": 18.733999917365615,
      "mean_dividends": 197.7194149485601,
      "pct_female": 0.9991736561583274,
      "top_education": "High school graduate",
      "top_occupation": "Adm support including clerical",
      "top_marital": "Married-civilian spouse present",
      "top_class_of_worker": "Private",
      "top_household_role": "Spouse of householder"
    },
    {
      "segment": 3,
      "n_rows": 38850,
      "share_of_sample": 0.19791740959988588,
      "share_of_population_weighted": 0.21152695408339867,
      "weighted_positive_rate": 0.047504235351841125,
      "median_age": 31.0,
      "median_weeks_worked": 52.0,
      "mean_capital_gains": 190.08620334620335,
      "mean_dividends": 71.47943371943371,
      "pct_female": 0.5228056628056628,
      "top_education": "High school graduate",
      "top_occupation": "Adm support including clerical",
      "top_marital": "Never married",
      "top_class_of_worker": "Private",
      "top_household_role": "Householder"
    },
    {
      "segment": 0,
      "n_rows": 39413,
      "share_of_sample": 0.20078555635933854,
      "share_of_population_weighted": 0.19742300770426577,
      "weighted_positive_rate": 0.01667223028665106,
      "median_age": 66.0,
      "median_weeks_worked": 0.0,
      "mean_capital_gains": 163.18790754319642,
      "mean_dividends": 457.3321492908431,
      "pct_female": 0.6749803364372161,
      "top_education": "High school graduate",
      "top_occupation": "Not in universe",
      "top_marital": "Married-civilian spouse present",
      "top_class_of_worker": "Not in universe",
      "top_household_role": "Householder"
    },
    {
      "segment": 6,
      "n_rows": 28804,
      "share_of_sample": 0.14673907506087808,
      "share_of_population_weighted": 0.14596182708251196,
      "weighted_positive_rate": 0.0002490802736263181,
      "median_age": 9.0,
      "median_weeks_worked": 0.0,
      "mean_capital_gains": 0.5028815442299681,
      "mean_dividends": 3.8512012220524925,
      "pct_female": 0.0,
      "top_education": "Children",
      "top_occupation": "Not in universe",
      "top_marital": "Never married",
      "top_class_of_worker": "Not in universe",
      "top_household_role": "Child under 18 never married"
    },
    {
      "segment": 2,
      "n_rows": 29008,
      "share_of_sample": 0.14777833250124814,
      "share_of_population_weighted": 0.14250850123002012,
      "weighted_positive_rate": 0.00014837444128795916,
      "median_age": 9.0,
      "median_weeks_worked": 0.0,
      "mean_capital_gains": 1.5051365140650854,
      "mean_dividends": 2.715319911748483,
      "pct_female": 1.0,
      "top_education": "Children",
      "top_occupation": "Not in universe",
      "top_marital": "Never married",
      "top_class_of_worker": "Not in universe",
      "top_household_role": "Child under 18 never married"
    }
  ],
  "total_runtime_sec": 13.113801717758179
}